Number of Clients,Response Time (seconds),Throughput,CPU Utilization
5,12.03,0.415628,47.0
10,12.644,0.793926,61.0
15,12.552,1.19817,77.0
20,14.212,1.43972,67.0
25,18.0824,1.51708,76.0
30,19.721,1.65785,84.0
35,21.1529,1.84121,92.0
40,24.2737,1.8944,82.0
45,25.8896,2.06693,86.0
50,26.707,2.14913,85.0
